"id","user_answer_id","attempt_id","admin_id","old_is_correct","new_is_correct","reason","regraded_at","created_at"
"7c7f4bba-444b-4a2b-9da6-e49daef5b4f1","6f2e2224-d75f-49c8-9084-3db057778a56","a5c6b25b-e1c6-46e0-aa3f-8735d62c225c","5b4c2783-8afa-420e-b3a5-f761b472a503","false","true","Fraction","2025-08-31T19:25:03.844+00:00","2025-08-31T19:25:04.098569+00:00"
"510cf3e2-e4a5-4223-a156-cf6da67ec5fb","f1a77bf6-59b3-407c-9497-6c1ce5b070fa","7f262b2f-8d75-4a38-874f-1aa23ddea942","5b4c2783-8afa-420e-b3a5-f761b472a503","false","true","Manual regrade via exam review interface - marking as correct","2025-08-31T22:55:52.899+00:00","2025-08-31T22:55:53.164688+00:00"
"fac61da5-1b6e-47a2-8950-066c5fe8b25d","f1a77bf6-59b3-407c-9497-6c1ce5b070fa","7f262b2f-8d75-4a38-874f-1aa23ddea942","5b4c2783-8afa-420e-b3a5-f761b472a503","true","false","Manual regrade via exam review interface - marking as incorrect","2025-08-31T22:58:10.215+00:00","2025-08-31T22:58:10.356496+00:00"
"3562bfac-44fa-482d-a3ce-a5491b107650","c32336a7-b9a7-4f22-a4d4-55ac3604efe5","7f262b2f-8d75-4a38-874f-1aa23ddea942","5b4c2783-8afa-420e-b3a5-f761b472a503","false","true","Manual regrade via exam review interface - marking as correct","2025-08-31T23:10:03.269+00:00","2025-08-31T23:10:03.405932+00:00"
"1b9f11b3-9f0f-4fc8-8caf-d69e689f6d65","0c2b7b5f-008a-4969-8225-1c9183004d0f","a5c6b25b-e1c6-46e0-aa3f-8735d62c225c","5b4c2783-8afa-420e-b3a5-f761b472a503","true","false","Manual regrade via exam review interface - marking as incorrect","2025-09-01T23:47:04.616+00:00","2025-09-01T23:47:04.827805+00:00"
"d027ec08-2c2a-4573-b633-a74dd5b4ba28","0c2b7b5f-008a-4969-8225-1c9183004d0f","a5c6b25b-e1c6-46e0-aa3f-8735d62c225c","5b4c2783-8afa-420e-b3a5-f761b472a503","false","true","Manual regrade via exam review interface - marking as correct","2025-09-01T23:47:10.996+00:00","2025-09-01T23:47:11.251862+00:00"
"ec553fda-44eb-4000-bae6-1d0c5038d5a1","1b0cff7b-f976-4da0-9798-6169c76b22b7","f251f812-ef4a-4254-ab50-3209dfbd10e2","5b4c2783-8afa-420e-b3a5-f761b472a503","false","true","Manual regrade via exam review interface - marking as correct","2025-09-06T16:54:08.659+00:00","2025-09-06T16:54:08.825257+00:00"
"5f1a83c9-2d4f-431d-8378-4947eb07a951","59fc9e82-cf39-4f23-ab5b-e133e1265b2a","de21a951-bddd-4d74-9b09-36c27aa2134f","5b4c2783-8afa-420e-b3a5-f761b472a503","","true","Manual regrade via exam review interface - marking as correct","2025-09-20T00:12:28.298+00:00","2025-09-20T00:12:28.500132+00:00"
"2281cc0d-63e7-4e6f-a2f7-7afb0f46d7f5","69569e17-0633-49a0-a640-47d30c9c6cd9","de21a951-bddd-4d74-9b09-36c27aa2134f","5b4c2783-8afa-420e-b3a5-f761b472a503","","true","Manual regrade via exam review interface - marking as correct","2025-09-20T00:12:35.248+00:00","2025-09-20T00:12:35.453701+00:00"
"76b91d6a-d3e4-484e-b815-747e78a63a2c","69569e17-0633-49a0-a640-47d30c9c6cd9","de21a951-bddd-4d74-9b09-36c27aa2134f","5b4c2783-8afa-420e-b3a5-f761b472a503","true","false","Manual regrade via exam review interface - marking as incorrect","2025-09-20T00:12:43.225+00:00","2025-09-20T00:12:43.298834+00:00"
"07e0a127-ee5b-4196-97c1-f0e04bb2433b","59fc9e82-cf39-4f23-ab5b-e133e1265b2a","de21a951-bddd-4d74-9b09-36c27aa2134f","5b4c2783-8afa-420e-b3a5-f761b472a503","true","false","Manual regrade via exam review interface - marking as incorrect","2025-09-20T00:12:47.304+00:00","2025-09-20T00:12:47.36603+00:00"
"b482cc87-d6d6-4027-b3fd-a5c88db8d127","6695da5c-d16d-47e9-9c46-7e78b66f0235","de21a951-bddd-4d74-9b09-36c27aa2134f","5b4c2783-8afa-420e-b3a5-f761b472a503","","true","Manual regrade via exam review interface - marking as correct","2025-09-20T00:12:50.788+00:00","2025-09-20T00:12:50.85281+00:00"
"d03a9b56-1a8d-40fb-b95e-dd05781077b2","a2a60a50-d75e-4b61-8cf4-77311c9aa4d9","de21a951-bddd-4d74-9b09-36c27aa2134f","5b4c2783-8afa-420e-b3a5-f761b472a503","","true","Manual regrade via exam review interface - marking as correct","2025-09-20T00:12:55.09+00:00","2025-09-20T00:12:55.321737+00:00"
"eda3b434-e8c2-424f-aa36-931c9997bcf8","11ae44a1-1aef-4e38-bd0f-7c9521603ba7","de21a951-bddd-4d74-9b09-36c27aa2134f","5b4c2783-8afa-420e-b3a5-f761b472a503","","true","Manual regrade via exam review interface - marking as correct","2025-09-20T00:12:59.35+00:00","2025-09-20T00:12:59.541314+00:00"
"b64a5f0a-af51-4eaa-b312-391c248e586e","c3100203-e009-495c-a497-f3349260fc74","de21a951-bddd-4d74-9b09-36c27aa2134f","5b4c2783-8afa-420e-b3a5-f761b472a503","","true","Manual regrade via exam review interface - marking as correct","2025-09-20T00:13:04.468+00:00","2025-09-20T00:13:04.674236+00:00"
"a5c08927-0a41-4ee5-8345-b352ca46be51","eac47a26-1245-4ec2-887f-b71c3bf80d4f","de21a951-bddd-4d74-9b09-36c27aa2134f","5b4c2783-8afa-420e-b3a5-f761b472a503","","true","Manual regrade via exam review interface - marking as correct","2025-09-20T00:13:08.867+00:00","2025-09-20T00:13:09.060163+00:00"
"a56aeded-67bc-4989-ac27-5fd05da95445","a62d4ca2-734e-4a11-9ded-83ac5c0e8101","de21a951-bddd-4d74-9b09-36c27aa2134f","5b4c2783-8afa-420e-b3a5-f761b472a503","","true","Manual regrade via exam review interface - marking as correct","2025-09-20T00:13:12.514+00:00","2025-09-20T00:13:12.565747+00:00"
"1c403a78-5318-4c58-b602-958d483ac61e","53c9019c-076f-48f5-ab07-e0721c4739ee","de21a951-bddd-4d74-9b09-36c27aa2134f","5b4c2783-8afa-420e-b3a5-f761b472a503","","true","Manual regrade via exam review interface - marking as correct","2025-09-20T00:13:16.829+00:00","2025-09-20T00:13:17.056818+00:00"
"b1e43606-d315-43d4-97c5-6c33a5c8d0c1","08241efe-a5db-4d76-bcc7-d9bcfefdabe3","de21a951-bddd-4d74-9b09-36c27aa2134f","5b4c2783-8afa-420e-b3a5-f761b472a503","","true","Manual regrade via exam review interface - marking as correct","2025-09-20T00:13:20.428+00:00","2025-09-20T00:13:20.627401+00:00"
"e0330bee-8942-409f-91e2-5e4744b15374","95b57fd3-1f61-4703-b1a0-1b001f562acb","de21a951-bddd-4d74-9b09-36c27aa2134f","5b4c2783-8afa-420e-b3a5-f761b472a503","","true","Manual regrade via exam review interface - marking as correct","2025-09-20T00:13:26.227+00:00","2025-09-20T00:13:26.438135+00:00"
"f22d6ba3-99be-442b-a097-aa00f02a57fa","02930e94-4e9e-40c2-bbd4-a8b55d0e41b4","de21a951-bddd-4d74-9b09-36c27aa2134f","5b4c2783-8afa-420e-b3a5-f761b472a503","","true","Manual regrade via exam review interface - marking as correct","2025-09-20T00:13:30.398+00:00","2025-09-20T00:13:30.46335+00:00"
"27c3fc2b-84d0-4636-9b23-dde5785a4d61","4fd0bbbe-8eaa-4490-8c33-b150226568d3","de21a951-bddd-4d74-9b09-36c27aa2134f","5b4c2783-8afa-420e-b3a5-f761b472a503","","true","Manual regrade via exam review interface - marking as correct","2025-09-20T00:13:33.49+00:00","2025-09-20T00:13:33.558228+00:00"
"55ba7e7d-11d4-4831-9abf-9de567c2aae8","3153af17-da9a-4a21-93a2-1d65cc2ee1a2","de21a951-bddd-4d74-9b09-36c27aa2134f","5b4c2783-8afa-420e-b3a5-f761b472a503","","true","Manual regrade via exam review interface - marking as correct","2025-09-20T00:13:36.939+00:00","2025-09-20T00:13:36.996548+00:00"
"0803405a-f498-4ada-9fff-8086d47c70ce","a2b31dfe-885e-4588-a308-9ec4895851f5","de21a951-bddd-4d74-9b09-36c27aa2134f","5b4c2783-8afa-420e-b3a5-f761b472a503","","true","Manual regrade via exam review interface - marking as correct","2025-09-20T00:13:40.095+00:00","2025-09-20T00:13:40.157108+00:00"
"56d6356d-9f3b-4197-b887-7f6b0d05cd23","09b236fa-3a8c-4381-ac56-dd4539d25a96","de21a951-bddd-4d74-9b09-36c27aa2134f","5b4c2783-8afa-420e-b3a5-f761b472a503","","true","Manual regrade via exam review interface - marking as correct","2025-09-20T00:13:43.635+00:00","2025-09-20T00:13:43.696079+00:00"
"a3445588-a335-4f0e-bb6d-d28483eb3e35","7ca03c3b-c45b-4f5f-87bd-9800aad25ff7","de21a951-bddd-4d74-9b09-36c27aa2134f","5b4c2783-8afa-420e-b3a5-f761b472a503","","true","Manual regrade via exam review interface - marking as correct","2025-09-20T00:13:47.649+00:00","2025-09-20T00:13:47.848092+00:00"
"daed6af1-9a00-420b-8a73-ec16db52a676","09b525ba-8b73-4b70-8618-5ba6d2ad2611","de21a951-bddd-4d74-9b09-36c27aa2134f","5b4c2783-8afa-420e-b3a5-f761b472a503","","true","Manual regrade via exam review interface - marking as correct","2025-09-20T00:13:51.356+00:00","2025-09-20T00:13:51.418482+00:00"
"2974d802-37ed-4358-85e7-0f447d071674","8f79e98e-d549-4152-af33-d1586465d452","de21a951-bddd-4d74-9b09-36c27aa2134f","5b4c2783-8afa-420e-b3a5-f761b472a503","","true","Manual regrade via exam review interface - marking as correct","2025-09-20T00:13:55.696+00:00","2025-09-20T00:13:55.901706+00:00"
"eb2aa489-c291-490c-9a07-b664e8d1c909","8f94cd65-bf92-4a16-b700-456833c72d25","de21a951-bddd-4d74-9b09-36c27aa2134f","5b4c2783-8afa-420e-b3a5-f761b472a503","","true","Manual regrade via exam review interface - marking as correct","2025-09-20T00:13:59.767+00:00","2025-09-20T00:13:59.95647+00:00"
"16871999-c29d-4b1d-adb3-eb2c9f0122c3","b1776164-ba89-4334-aa45-b8a846b082dd","de21a951-bddd-4d74-9b09-36c27aa2134f","5b4c2783-8afa-420e-b3a5-f761b472a503","","true","Manual regrade via exam review interface - marking as correct","2025-09-20T00:14:03.324+00:00","2025-09-20T00:14:03.515214+00:00"
"d33adea2-1506-4535-8c45-1d210356d82b","603cb277-e795-450d-92a1-6fa0a6e4885e","de21a951-bddd-4d74-9b09-36c27aa2134f","5b4c2783-8afa-420e-b3a5-f761b472a503","","true","Manual regrade via exam review interface - marking as correct","2025-09-20T00:14:06.74+00:00","2025-09-20T00:14:06.936466+00:00"
"3da463ca-88a1-4a94-9404-238707c91f5f","2bf32275-ada1-444d-9faa-532df8b5358a","de21a951-bddd-4d74-9b09-36c27aa2134f","5b4c2783-8afa-420e-b3a5-f761b472a503","","true","Manual regrade via exam review interface - marking as correct","2025-09-20T00:14:25.629+00:00","2025-09-20T00:14:25.845714+00:00"
"d0cf8473-45a1-49ab-aad3-8bc7b6a04e20","9d447c25-9cd0-4726-95a8-c86ff2bf1d47","041b4586-86cd-4690-a603-e320a2a051c9","5b4c2783-8afa-420e-b3a5-f761b472a503","","true","Manual regrade via exam review interface - marking as correct","2025-09-20T00:14:56.713+00:00","2025-09-20T00:14:56.928183+00:00"
"712e07cc-419d-4440-8724-5ef344915e3e","bce00af7-a507-47dd-a987-b2076b7c3b39","041b4586-86cd-4690-a603-e320a2a051c9","5b4c2783-8afa-420e-b3a5-f761b472a503","","true","Manual regrade via exam review interface - marking as correct","2025-09-20T00:15:01.146+00:00","2025-09-20T00:15:01.359698+00:00"
"534cd2f3-57b1-4d53-bd4c-60847377af3f","64166be2-35e0-4d7f-aa70-2b770d80272b","041b4586-86cd-4690-a603-e320a2a051c9","5b4c2783-8afa-420e-b3a5-f761b472a503","","true","Manual regrade via exam review interface - marking as correct","2025-09-20T00:15:06.514+00:00","2025-09-20T00:15:06.72144+00:00"
"dc7fd949-7cc0-42ee-9a07-42b06d377e29","fb4cd280-fdb9-4592-b223-28dc3896def3","041b4586-86cd-4690-a603-e320a2a051c9","5b4c2783-8afa-420e-b3a5-f761b472a503","","true","Manual regrade via exam review interface - marking as correct","2025-09-20T00:15:10.81+00:00","2025-09-20T00:15:10.860542+00:00"
"8c2048a5-e519-48bc-8c88-460a7d047894","66d27458-8695-4661-b6a5-4507c918b608","041b4586-86cd-4690-a603-e320a2a051c9","5b4c2783-8afa-420e-b3a5-f761b472a503","","true","Manual regrade via exam review interface - marking as correct","2025-09-20T00:15:15.93+00:00","2025-09-20T00:15:16.020793+00:00"
"aa5fa772-cc35-433d-9b5f-54cbcbf5f510","14afc87e-4b45-4375-9680-8e4c277d3390","041b4586-86cd-4690-a603-e320a2a051c9","5b4c2783-8afa-420e-b3a5-f761b472a503","","true","Manual regrade via exam review interface - marking as correct","2025-09-20T00:15:19.262+00:00","2025-09-20T00:15:19.316669+00:00"
"8a306647-e8b1-4b6a-967b-910ab977eed4","0daa70f5-2337-4804-9f07-a65d341ae43f","041b4586-86cd-4690-a603-e320a2a051c9","5b4c2783-8afa-420e-b3a5-f761b472a503","","true","Manual regrade via exam review interface - marking as correct","2025-09-20T00:15:22.519+00:00","2025-09-20T00:15:22.579733+00:00"
"1332cf80-986f-48ba-938d-df1565e1a7cd","2285a53d-b348-4887-a799-7304a8aa757a","041b4586-86cd-4690-a603-e320a2a051c9","5b4c2783-8afa-420e-b3a5-f761b472a503","","true","Manual regrade via exam review interface - marking as correct","2025-09-20T00:15:26.312+00:00","2025-09-20T00:15:26.367524+00:00"
"8b52f020-e5cf-465a-91cf-121d31edd4ef","c4afef79-a592-4873-b6e5-4c2140daf3d8","041b4586-86cd-4690-a603-e320a2a051c9","5b4c2783-8afa-420e-b3a5-f761b472a503","","true","Manual regrade via exam review interface - marking as correct","2025-09-20T00:15:30.715+00:00","2025-09-20T00:15:30.789541+00:00"
"fc3cd954-5876-42e1-90aa-83a53b8aef35","a5733241-6ff6-43d6-b955-2ba191dc47ef","041b4586-86cd-4690-a603-e320a2a051c9","5b4c2783-8afa-420e-b3a5-f761b472a503","","true","Manual regrade via exam review interface - marking as correct","2025-09-20T00:15:34.879+00:00","2025-09-20T00:15:34.936482+00:00"
"84c90fe6-6840-455b-8609-c3703b5e8123","5bf3c701-dcf3-49cb-a101-a1e135aaf207","041b4586-86cd-4690-a603-e320a2a051c9","5b4c2783-8afa-420e-b3a5-f761b472a503","","true","Manual regrade via exam review interface - marking as correct","2025-09-20T00:15:39.002+00:00","2025-09-20T00:15:39.058117+00:00"
"12c813bd-b2f3-482a-a3e5-0afc30e9244a","79a9dd4d-92ff-4fa8-9a75-e6c7613f2b6f","041b4586-86cd-4690-a603-e320a2a051c9","5b4c2783-8afa-420e-b3a5-f761b472a503","","true","Manual regrade via exam review interface - marking as correct","2025-09-20T00:15:44.847+00:00","2025-09-20T00:15:45.058502+00:00"
"0f21b5f7-9aa4-4b87-9049-6928cc3c5c16","b448029a-19c9-4e18-a13e-9d038fb57814","041b4586-86cd-4690-a603-e320a2a051c9","5b4c2783-8afa-420e-b3a5-f761b472a503","","true","Manual regrade via exam review interface - marking as correct","2025-09-20T00:15:49.574+00:00","2025-09-20T00:15:49.79408+00:00"
"c7d724d3-9bd2-4f01-8171-1902b2606f51","ff0fd5b5-6955-48e1-8a2c-a11f53d68e56","041b4586-86cd-4690-a603-e320a2a051c9","5b4c2783-8afa-420e-b3a5-f761b472a503","","true","Manual regrade via exam review interface - marking as correct","2025-09-20T00:15:53.053+00:00","2025-09-20T00:15:53.25537+00:00"
"bd6dce51-b18e-414b-8a6b-f4d89610c6d0","d36f173e-4bbc-4be2-9ba6-2dfbbbe0d1a5","041b4586-86cd-4690-a603-e320a2a051c9","5b4c2783-8afa-420e-b3a5-f761b472a503","","true","Manual regrade via exam review interface - marking as correct","2025-09-20T00:16:21.816+00:00","2025-09-20T00:16:22.011443+00:00"
"8a79083e-5532-42e2-8102-c915ff9d9cea","c32dae0a-6a8b-44de-96b0-c11acc45e497","041b4586-86cd-4690-a603-e320a2a051c9","5b4c2783-8afa-420e-b3a5-f761b472a503","","true","Manual regrade via exam review interface - marking as correct","2025-09-20T00:15:56.701+00:00","2025-09-20T00:15:56.901207+00:00"
"8ba9c00d-9534-4604-8cb1-5db4ed624e13","2e37fe41-95e6-4c83-8bd1-5213be08c2ca","041b4586-86cd-4690-a603-e320a2a051c9","5b4c2783-8afa-420e-b3a5-f761b472a503","","true","Manual regrade via exam review interface - marking as correct","2025-09-20T00:16:25.56+00:00","2025-09-20T00:16:25.749621+00:00"
"d2984bf3-906b-4cf7-a04c-1196863085fd","10a30b13-9398-46c7-9f65-d286b408ff50","041b4586-86cd-4690-a603-e320a2a051c9","5b4c2783-8afa-420e-b3a5-f761b472a503","","true","Manual regrade via exam review interface - marking as correct","2025-09-20T00:16:00.73+00:00","2025-09-20T00:16:00.935926+00:00"
"91a0fb07-ccad-4041-abb7-de37e931c4fa","1a9420fd-4a45-4341-8b89-9fe64ebf803d","041b4586-86cd-4690-a603-e320a2a051c9","5b4c2783-8afa-420e-b3a5-f761b472a503","","true","Manual regrade via exam review interface - marking as correct","2025-09-20T00:16:04.065+00:00","2025-09-20T00:16:04.260557+00:00"
"5e2278dd-bf1d-478e-b90c-d1d6697a0463","bb8e19b4-b8ce-47d6-bfe3-9fbbf85f0233","041b4586-86cd-4690-a603-e320a2a051c9","5b4c2783-8afa-420e-b3a5-f761b472a503","","true","Manual regrade via exam review interface - marking as correct","2025-09-20T00:16:07.602+00:00","2025-09-20T00:16:07.662351+00:00"
"f78d65fe-76e8-4ed4-acb5-080038a8bd25","decb38e8-a93c-43e4-8004-cc40af1ac28e","041b4586-86cd-4690-a603-e320a2a051c9","5b4c2783-8afa-420e-b3a5-f761b472a503","","true","Manual regrade via exam review interface - marking as correct","2025-09-20T00:16:10.918+00:00","2025-09-20T00:16:10.979616+00:00"
"daca3e93-df87-427f-9df5-8f89e74eef84","e7334df6-5896-4905-9d55-acbd36ce6088","041b4586-86cd-4690-a603-e320a2a051c9","5b4c2783-8afa-420e-b3a5-f761b472a503","","true","Manual regrade via exam review interface - marking as correct","2025-09-20T00:16:14.518+00:00","2025-09-20T00:16:14.577638+00:00"
"ef2afd30-0ebe-4dee-a1a2-b830f45d42f3","4480016d-26c1-4e3c-9d06-0ca960c792e2","041b4586-86cd-4690-a603-e320a2a051c9","5b4c2783-8afa-420e-b3a5-f761b472a503","","true","Manual regrade via exam review interface - marking as correct","2025-09-20T00:16:18.428+00:00","2025-09-20T00:16:18.621257+00:00"
"5dfb0af4-f805-4155-8834-d3b93197d85b","e2cbcbd2-a7d8-4b7b-b675-034c27ac4a4a","4b72bbfa-236b-42da-b246-b2cabc19053a","5b4c2783-8afa-420e-b3a5-f761b472a503","","true","Manual regrade via exam review interface - marking as correct","2025-09-25T15:16:43.312+00:00","2025-09-25T15:16:43.694825+00:00"
"c7b90974-1c02-4f08-bd61-f002ac99cd18","d49cdd18-1732-4bbd-8614-d8c43244f339","4b72bbfa-236b-42da-b246-b2cabc19053a","5b4c2783-8afa-420e-b3a5-f761b472a503","","true","Manual regrade via exam review interface - marking as correct","2025-09-25T15:16:57.733+00:00","2025-09-25T15:16:58.258296+00:00"
"00d68542-94b6-42f0-b427-dd9d5a2bb58a","2d91fb78-0906-4b7f-9154-877417cd44b8","4b72bbfa-236b-42da-b246-b2cabc19053a","5b4c2783-8afa-420e-b3a5-f761b472a503","","true","Manual regrade via exam review interface - marking as correct","2025-09-25T15:17:09.972+00:00","2025-09-25T15:17:10.242401+00:00"
"3aedf670-e95f-4d06-a54b-4a75f3a3717c","0496ce7e-e4fc-4433-9688-f31b4b71e6cf","4b72bbfa-236b-42da-b246-b2cabc19053a","5b4c2783-8afa-420e-b3a5-f761b472a503","","true","Manual regrade via exam review interface - marking as correct","2025-09-25T15:17:14.758+00:00","2025-09-25T15:17:15.013178+00:00"
"24fd13f4-83db-4d13-a9fb-6f0665e567ac","0acbabf2-5a84-4890-ae8d-3722b4982099","4b72bbfa-236b-42da-b246-b2cabc19053a","5b4c2783-8afa-420e-b3a5-f761b472a503","","true","Manual regrade via exam review interface - marking as correct","2025-09-25T15:17:22.529+00:00","2025-09-25T15:17:22.765735+00:00"
"77340c98-960f-4f7f-a899-a76140b964fb","ad6e745a-aa9c-46dd-9626-c6df58a6f371","4b72bbfa-236b-42da-b246-b2cabc19053a","5b4c2783-8afa-420e-b3a5-f761b472a503","","true","Manual regrade via exam review interface - marking as correct","2025-09-25T15:17:29.501+00:00","2025-09-25T15:17:29.746267+00:00"
"68ebdc0d-4690-4895-bc39-290d892fa801","4f3da119-d4b9-4080-b55c-3de8dbad17df","4b72bbfa-236b-42da-b246-b2cabc19053a","5b4c2783-8afa-420e-b3a5-f761b472a503","","true","Manual regrade via exam review interface - marking as correct","2025-09-25T15:17:36.19+00:00","2025-09-25T15:17:36.444833+00:00"
"4953b8af-2209-4b8b-a7bb-fe61edd070ed","4ead23b5-84de-4aca-8336-fc88d797de33","4b72bbfa-236b-42da-b246-b2cabc19053a","5b4c2783-8afa-420e-b3a5-f761b472a503","","true","Manual regrade via exam review interface - marking as correct","2025-09-25T15:17:47.062+00:00","2025-09-25T15:17:47.309008+00:00"
"304f838f-3ebb-4995-b553-aa7393694c45","6af2c224-3508-4c5c-b026-bf2b5f69e9aa","4b72bbfa-236b-42da-b246-b2cabc19053a","5b4c2783-8afa-420e-b3a5-f761b472a503","","true","Manual regrade via exam review interface - marking as correct","2025-09-25T15:17:54.259+00:00","2025-09-25T15:17:54.503503+00:00"
"fe7a4080-81b8-4a63-9d56-8ceca82f2897","ca366a8d-0033-42cf-8348-2a61db65a999","4b72bbfa-236b-42da-b246-b2cabc19053a","5b4c2783-8afa-420e-b3a5-f761b472a503","","true","Manual regrade via exam review interface - marking as correct","2025-09-25T15:39:42.251+00:00","2025-09-25T15:39:42.656428+00:00"
"ea66bb31-54ec-4443-bae7-fec2f9430004","6673915d-07d4-4869-a5de-f33176364785","4b72bbfa-236b-42da-b246-b2cabc19053a","5b4c2783-8afa-420e-b3a5-f761b472a503","","true","Manual regrade via exam review interface - marking as correct","2025-09-25T15:39:51.924+00:00","2025-09-25T15:39:52.197869+00:00"
"ed5ac007-d0e8-4dbc-ba75-cd52d61b07f6","c70d0579-71d4-40a8-80c5-63f2503dacbf","4b72bbfa-236b-42da-b246-b2cabc19053a","5b4c2783-8afa-420e-b3a5-f761b472a503","","true","Manual regrade via exam review interface - marking as correct","2025-09-25T15:40:01.091+00:00","2025-09-25T15:40:01.890306+00:00"
"9e619a17-99a0-4787-a099-f6593b61241b","830ef9d4-8c38-47d3-819b-ec2a691582ef","64b150f4-5e68-4c2c-8c31-b2f8fadabda4","5b4c2783-8afa-420e-b3a5-f761b472a503","","true","Manual regrade via exam review interface - marking as correct","2025-09-28T12:11:54.741+00:00","2025-09-28T12:11:54.940381+00:00"
"dd99f9e4-f5fb-4e76-9c59-e968ce73fe73","b5b81534-0e50-4a8d-a483-a6253a08040a","64b150f4-5e68-4c2c-8c31-b2f8fadabda4","5b4c2783-8afa-420e-b3a5-f761b472a503","","true","Manual regrade via exam review interface - marking as correct","2025-09-28T12:11:59.186+00:00","2025-09-28T12:11:59.40681+00:00"
"89ae4eff-b7a2-4532-8746-140652fe4a0e","9c7969ef-b916-41e0-807a-18c91ae858bd","64b150f4-5e68-4c2c-8c31-b2f8fadabda4","5b4c2783-8afa-420e-b3a5-f761b472a503","","true","Manual regrade via exam review interface - marking as correct","2025-09-28T12:12:02.749+00:00","2025-09-28T12:12:02.806008+00:00"
"54588dae-0a07-4b75-8a10-1e034cb77a40","2eee4b19-6d7c-49d5-b11c-e6f2eb2b9f9a","64b150f4-5e68-4c2c-8c31-b2f8fadabda4","5b4c2783-8afa-420e-b3a5-f761b472a503","","true","Manual regrade via exam review interface - marking as correct","2025-09-28T12:12:06.577+00:00","2025-09-28T12:12:06.63428+00:00"
"426c4f0f-5b32-4803-a4d2-83c7607ab9f0","4a572365-ab91-4188-805d-5a9a1527b645","64b150f4-5e68-4c2c-8c31-b2f8fadabda4","5b4c2783-8afa-420e-b3a5-f761b472a503","","true","Manual regrade via exam review interface - marking as correct","2025-09-28T12:12:11.108+00:00","2025-09-28T12:12:11.312017+00:00"
"d883d306-63eb-47e7-ba2c-acac2761a00b","84aa7a25-e95d-4922-8034-f379d369bf2f","64b150f4-5e68-4c2c-8c31-b2f8fadabda4","5b4c2783-8afa-420e-b3a5-f761b472a503","","true","Manual regrade via exam review interface - marking as correct","2025-09-28T12:12:15.212+00:00","2025-09-28T12:12:15.263966+00:00"
"3947e28c-11d2-4d94-94e6-464d77fe03c1","fde9617b-ba0a-40cc-a16c-2e8412905464","64b150f4-5e68-4c2c-8c31-b2f8fadabda4","5b4c2783-8afa-420e-b3a5-f761b472a503","","true","Manual regrade via exam review interface - marking as correct","2025-09-28T12:12:19.804+00:00","2025-09-28T12:12:20.006756+00:00"
"8f26041e-46a3-4f07-bdef-a36f63f2fe27","72c84c1e-a89b-4cd0-9ffc-3b53ebc22e12","64b150f4-5e68-4c2c-8c31-b2f8fadabda4","5b4c2783-8afa-420e-b3a5-f761b472a503","","true","Manual regrade via exam review interface - marking as correct","2025-09-28T12:12:23.686+00:00","2025-09-28T12:12:23.731715+00:00"
"3b57a53a-015a-4bf8-bd91-44bbd8e4ba07","0c775a2f-c468-47b1-9a56-cc55ba3744b6","64b150f4-5e68-4c2c-8c31-b2f8fadabda4","5b4c2783-8afa-420e-b3a5-f761b472a503","","true","Manual regrade via exam review interface - marking as correct","2025-09-28T12:12:31.132+00:00","2025-09-28T12:12:31.195079+00:00"
"d60544bd-0d5d-4808-9752-2b25e6bc94d0","cc08059b-6d71-4f78-ba63-054d4b3b5cd0","64b150f4-5e68-4c2c-8c31-b2f8fadabda4","5b4c2783-8afa-420e-b3a5-f761b472a503","","true","Manual regrade via exam review interface - marking as correct","2025-09-28T12:12:36.175+00:00","2025-09-28T12:12:36.372073+00:00"
"67e0bd5f-4721-4aca-9a67-4dd033a1bd04","31c92448-9ee6-482a-b086-736f7d517960","64b150f4-5e68-4c2c-8c31-b2f8fadabda4","5b4c2783-8afa-420e-b3a5-f761b472a503","","true","Manual regrade via exam review interface - marking as correct","2025-09-28T12:12:41.131+00:00","2025-09-28T12:12:41.202594+00:00"
"3598cb42-b5b0-46b2-9ebc-0fec6de6a07f","478c3925-1046-4cd5-a0fb-96d83c4be701","64b150f4-5e68-4c2c-8c31-b2f8fadabda4","5b4c2783-8afa-420e-b3a5-f761b472a503","","true","Manual regrade via exam review interface - marking as correct","2025-09-28T12:12:46.389+00:00","2025-09-28T12:12:46.473167+00:00"
"770521d1-a4b0-49be-bc1f-f10b88afa1c6","7a720b67-55da-4425-97b2-18569b1bce6a","64b150f4-5e68-4c2c-8c31-b2f8fadabda4","5b4c2783-8afa-420e-b3a5-f761b472a503","","true","Manual regrade via exam review interface - marking as correct","2025-09-28T12:12:51.776+00:00","2025-09-28T12:12:51.840313+00:00"
"bb61c39f-cb30-49ed-9f8c-7ef77fb80e28","27c7aae3-89a9-4bcc-ab06-4708252e9e4d","64b150f4-5e68-4c2c-8c31-b2f8fadabda4","5b4c2783-8afa-420e-b3a5-f761b472a503","","true","Manual regrade via exam review interface - marking as correct","2025-09-28T12:13:08.28+00:00","2025-09-28T12:13:08.483989+00:00"
"6be2fb90-0b66-472e-b255-35d889cafa71","ac009746-d2ed-4c91-8b3b-bf14f5066d7c","64b150f4-5e68-4c2c-8c31-b2f8fadabda4","5b4c2783-8afa-420e-b3a5-f761b472a503","false","true","Manual regrade via exam review interface - marking as correct","2025-09-28T18:25:35.103+00:00","2025-09-28T18:25:35.324434+00:00"
"38ef77db-8924-4518-9f47-2b5f206c0361","fa039dd4-c321-42d2-8657-266aa16c5a74","64b150f4-5e68-4c2c-8c31-b2f8fadabda4","5b4c2783-8afa-420e-b3a5-f761b472a503","","true","Manual regrade via exam review interface - marking as correct","2025-09-28T18:26:26.913+00:00","2025-09-28T18:26:27.148801+00:00"
"e4066ad8-dc92-466b-914a-7cfda3861beb","442fadba-deef-42e7-ade1-8f872a95f5c1","64b150f4-5e68-4c2c-8c31-b2f8fadabda4","5b4c2783-8afa-420e-b3a5-f761b472a503","false","true","Manual regrade via exam review interface - marking as correct","2025-09-28T18:27:35.206+00:00","2025-09-28T18:27:35.416032+00:00"
"bdc07e27-33f8-4cc7-9897-98908149c67a","895ce961-0d3b-4862-9cd3-4bc32bd3f92d","4b72bbfa-236b-42da-b246-b2cabc19053a","5b4c2783-8afa-420e-b3a5-f761b472a503","false","true","Manual regrade via exam review interface - marking as correct","2025-09-28T18:57:21.109+00:00","2025-09-28T18:57:21.330542+00:00"
"0a6185dd-f08b-4a10-af40-a89805a97191","ed479de2-32ae-4dc9-b103-b9505399ae30","64b150f4-5e68-4c2c-8c31-b2f8fadabda4","5b4c2783-8afa-420e-b3a5-f761b472a503","false","true","correct","2025-09-29T23:34:53.164+00:00","2025-09-29T23:34:53.266616+00:00"
"4a11128a-edd6-4a0d-a7d5-822d6c609a48","fa039dd4-c321-42d2-8657-266aa16c5a74","64b150f4-5e68-4c2c-8c31-b2f8fadabda4","5b4c2783-8afa-420e-b3a5-f761b472a503","true","false","Manual regrade via exam review interface - marking as incorrect","2025-09-30T22:14:17.069+00:00","2025-09-30T22:14:17.235493+00:00"
"997391cd-111a-49ff-93a7-d6adb856fe9d","c4b2d47b-bcf7-471c-af8a-50b7410ffbad","64b150f4-5e68-4c2c-8c31-b2f8fadabda4","5b4c2783-8afa-420e-b3a5-f761b472a503","","true","Manual regrade via exam review interface - marking as correct","2025-09-30T22:14:25.589+00:00","2025-09-30T22:14:25.760548+00:00"
"5e806d4a-80a6-42dc-852f-b32e5c4dca90","c4b2d47b-bcf7-471c-af8a-50b7410ffbad","64b150f4-5e68-4c2c-8c31-b2f8fadabda4","5b4c2783-8afa-420e-b3a5-f761b472a503","true","false","Manual regrade via exam review interface - marking as incorrect","2025-09-30T22:14:32.398+00:00","2025-09-30T22:14:32.60344+00:00"
"a7ed9080-a5a6-4bd1-ad24-0f9e02865816","b6913a9a-1155-4586-9d07-3d358c34503d","64b150f4-5e68-4c2c-8c31-b2f8fadabda4","5b4c2783-8afa-420e-b3a5-f761b472a503","","true","Manual regrade via exam review interface - marking as correct","2025-09-30T22:14:57.087+00:00","2025-09-30T22:14:57.259284+00:00"
"83c7c19c-9150-4be6-9719-f54c77a2a19d","b6913a9a-1155-4586-9d07-3d358c34503d","64b150f4-5e68-4c2c-8c31-b2f8fadabda4","5b4c2783-8afa-420e-b3a5-f761b472a503","true","false","Manual regrade via exam review interface - marking as incorrect","2025-09-30T22:15:02.625+00:00","2025-09-30T22:15:02.805848+00:00"
"170e9158-16b7-4161-8a15-1a24a950e8a0","442fadba-deef-42e7-ade1-8f872a95f5c1","64b150f4-5e68-4c2c-8c31-b2f8fadabda4","5b4c2783-8afa-420e-b3a5-f761b472a503","true","false","Manual regrade via exam review interface - marking as incorrect","2025-09-30T22:15:56.812+00:00","2025-09-30T22:15:57.001364+00:00"
"2933e76d-a1b0-417b-a96f-21801cc14405","ac009746-d2ed-4c91-8b3b-bf14f5066d7c","64b150f4-5e68-4c2c-8c31-b2f8fadabda4","5b4c2783-8afa-420e-b3a5-f761b472a503","true","false","Manual regrade via exam review interface - marking as incorrect","2025-09-30T22:16:06.047+00:00","2025-09-30T22:16:06.213665+00:00"
"d50da985-2557-4043-937e-a8f46c17a88f","ed479de2-32ae-4dc9-b103-b9505399ae30","64b150f4-5e68-4c2c-8c31-b2f8fadabda4","5b4c2783-8afa-420e-b3a5-f761b472a503","true","false","Manual regrade via exam review interface - marking as incorrect","2025-09-30T22:16:16.125+00:00","2025-09-30T22:16:16.290124+00:00"
"b15953a6-7f4d-4e98-acd7-654124b43111","fa039dd4-c321-42d2-8657-266aa16c5a74","64b150f4-5e68-4c2c-8c31-b2f8fadabda4","5b4c2783-8afa-420e-b3a5-f761b472a503","false","true","Manual regrade via exam review interface - marking as correct","2025-09-30T22:21:14.042+00:00","2025-09-30T22:21:14.298104+00:00"
"0df0d533-51da-445f-8956-eb59fe0f3183","6aa32df6-991b-4bc6-99cd-6c344e4794ec","64b150f4-5e68-4c2c-8c31-b2f8fadabda4","5b4c2783-8afa-420e-b3a5-f761b472a503","true","false","Manual regrade via exam review interface - marking as incorrect","2025-09-30T22:25:21.63+00:00","2025-09-30T22:25:21.897561+00:00"
"739479a2-46bc-4906-8a7c-c6dd0ac21f54","be9ac35b-716c-4975-8ed7-ec730396243c","64b150f4-5e68-4c2c-8c31-b2f8fadabda4","5b4c2783-8afa-420e-b3a5-f761b472a503","false","true","Manual regrade via exam review interface - marking as correct","2025-09-30T22:47:08.103+00:00","2025-09-30T22:47:08.354867+00:00"
"8d7e0504-ece7-4a8c-a08e-70c227afb596","ed479de2-32ae-4dc9-b103-b9505399ae30","64b150f4-5e68-4c2c-8c31-b2f8fadabda4","5b4c2783-8afa-420e-b3a5-f761b472a503","false","true","Manual regrade via exam review interface - marking as correct","2025-09-30T23:44:17.146+00:00","2025-09-30T23:44:17.369046+00:00"
"e0468110-1af8-4c05-84cb-b13c6ba789fb","7b093bd2-0cef-49d2-8379-1abb2655d3df","5d1412b3-e160-44bd-97c8-0b03abbd9161","5b4c2783-8afa-420e-b3a5-f761b472a503","","true","Manual regrade via exam review interface - marking as correct","2025-10-03T01:54:29.361+00:00","2025-10-03T01:54:29.436949+00:00"
"f782db6d-101a-426b-99cb-4be86357682b","ef00b0b3-8435-4c52-bd63-3840d9e08086","5d1412b3-e160-44bd-97c8-0b03abbd9161","5b4c2783-8afa-420e-b3a5-f761b472a503","","true","Manual regrade via exam review interface - marking as correct","2025-10-03T01:54:34.738+00:00","2025-10-03T01:54:34.792956+00:00"
"7f065866-287d-4728-ba4e-416204762c8a","956ff3c1-827e-4ef3-8208-706774a715b3","5d1412b3-e160-44bd-97c8-0b03abbd9161","5b4c2783-8afa-420e-b3a5-f761b472a503","","true","Manual regrade via exam review interface - marking as correct","2025-10-03T01:54:42.04+00:00","2025-10-03T01:54:42.094351+00:00"
"b8654d9b-a2f1-4ca9-83e8-0a6bb7381da6","4d21160e-83c0-45ef-b2e4-f584886ea33a","5fe61c01-cd02-48d4-b2ff-b3f76e9e795d","5b4c2783-8afa-420e-b3a5-f761b472a503","false","true","Manual regrade via exam review interface - marking as correct","2025-10-03T02:37:30.87+00:00","2025-10-03T02:37:31.127581+00:00"
"2ae02847-7aa7-4c43-a694-42409deb1e4e","92027c82-584a-48c1-9e4f-8b0b480bdacb","5fe61c01-cd02-48d4-b2ff-b3f76e9e795d","5b4c2783-8afa-420e-b3a5-f761b472a503","false","true","Manual regrade via exam review interface - marking as correct","2025-10-03T02:37:37.772+00:00","2025-10-03T02:37:38.002162+00:00"
"f397c8ac-5851-47e6-ab25-3d44642f946f","3899bf62-35c7-4419-b407-c10486ccdbdc","5fe61c01-cd02-48d4-b2ff-b3f76e9e795d","5b4c2783-8afa-420e-b3a5-f761b472a503","false","true","Manual regrade via exam review interface - marking as correct","2025-10-03T02:37:42.717+00:00","2025-10-03T02:37:42.922439+00:00"
"7862e897-8c3c-4b8e-a7aa-fdf88c797512","c8a44088-4cc0-45a3-a9a5-2ea3771235b3","5fe61c01-cd02-48d4-b2ff-b3f76e9e795d","5b4c2783-8afa-420e-b3a5-f761b472a503","false","true","Manual regrade via exam review interface - marking as correct","2025-10-03T02:37:49.75+00:00","2025-10-03T02:37:49.871551+00:00"
"77f36e7d-568a-42ea-b987-c1a2d1ffdbff","5edab1e1-1b1a-49d1-9c53-3d3fe51b46d2","5fe61c01-cd02-48d4-b2ff-b3f76e9e795d","5b4c2783-8afa-420e-b3a5-f761b472a503","false","true","Manual regrade via exam review interface - marking as correct","2025-10-03T02:37:57.41+00:00","2025-10-03T02:37:57.549138+00:00"
"47f7eac4-5688-4763-ba53-823386184349","23bf3988-d8fc-4f39-9cdb-f57b11a3b887","5fe61c01-cd02-48d4-b2ff-b3f76e9e795d","5b4c2783-8afa-420e-b3a5-f761b472a503","false","true","Manual regrade via exam review interface - marking as correct","2025-10-03T02:38:03.061+00:00","2025-10-03T02:38:03.210667+00:00"
"9c8f66e0-df22-4506-977b-e39c008e8aa7","71d18730-7be4-478b-ac84-6b98746b4a03","64b150f4-5e68-4c2c-8c31-b2f8fadabda4","5b4c2783-8afa-420e-b3a5-f761b472a503","false","true","Manual regrade via exam review interface - marking as correct","2025-10-03T22:34:08.228+00:00","2025-10-03T22:34:08.360599+00:00"
"5a91fa30-532d-4732-bcd7-def1191dd218","fd4a0afb-fde9-4437-b9a8-9faa88bccfa7","dbeb5c67-af7f-4d72-892f-18430178219d","5b4c2783-8afa-420e-b3a5-f761b472a503","","true","Manual regrade via exam review interface - marking as correct","2025-10-08T18:33:00.225+00:00","2025-10-08T18:33:00.458202+00:00"
"927657a1-c0d8-4d76-a54e-4713513c20d7","fe79ad20-ce23-46d8-b62d-33dbc9f3914e","dbeb5c67-af7f-4d72-892f-18430178219d","5b4c2783-8afa-420e-b3a5-f761b472a503","","true","Manual regrade via exam review interface - marking as correct","2025-10-08T18:33:05.532+00:00","2025-10-08T18:33:05.8035+00:00"
"890e6eba-535b-47c0-8cde-b4f4e6a4c36c","f08fabe3-30ce-4ccd-a60c-274ea8139903","dbeb5c67-af7f-4d72-892f-18430178219d","5b4c2783-8afa-420e-b3a5-f761b472a503","","true","Manual regrade via exam review interface - marking as correct","2025-10-08T18:33:13.664+00:00","2025-10-08T18:33:13.911707+00:00"
"d5c0caaf-044d-40ab-94fa-277bfc2899a5","767c7faa-3e98-43ac-8aac-990f87a13a83","dbeb5c67-af7f-4d72-892f-18430178219d","5b4c2783-8afa-420e-b3a5-f761b472a503","","true","Manual regrade via exam review interface - marking as correct","2025-10-08T18:33:19.008+00:00","2025-10-08T18:33:19.262265+00:00"
"c9fa35f4-eab6-46fb-88d4-c0ffe798b8b0","7973fd12-f1a9-4aac-81f6-b2e11e53269e","dbeb5c67-af7f-4d72-892f-18430178219d","5b4c2783-8afa-420e-b3a5-f761b472a503","","true","Manual regrade via exam review interface - marking as correct","2025-10-08T18:33:23.465+00:00","2025-10-08T18:33:23.708187+00:00"
"730dc070-68c9-4938-8045-815c235dc39b","e66d683c-f73b-44f9-beed-725c7caf6f36","dbeb5c67-af7f-4d72-892f-18430178219d","5b4c2783-8afa-420e-b3a5-f761b472a503","","true","Manual regrade via exam review interface - marking as correct","2025-10-08T18:33:27.689+00:00","2025-10-08T18:33:27.915606+00:00"
"8a8ef9fa-a82c-4751-9c2a-2f56e037ecd0","7581df9b-333f-40a5-b855-f4638d95ed78","dbeb5c67-af7f-4d72-892f-18430178219d","5b4c2783-8afa-420e-b3a5-f761b472a503","","true","Manual regrade via exam review interface - marking as correct","2025-10-08T18:33:32.288+00:00","2025-10-08T18:33:32.519475+00:00"
"bcb7f849-fba2-49ad-bdea-a181ed8c197b","0c198b6e-a297-426f-b5cb-d719df77dffd","dbeb5c67-af7f-4d72-892f-18430178219d","5b4c2783-8afa-420e-b3a5-f761b472a503","","true","Manual regrade via exam review interface - marking as correct","2025-10-08T18:33:38.027+00:00","2025-10-08T18:33:38.263385+00:00"
"51c19ed0-547a-49aa-80b5-559a7442a55a","ca75d792-db81-4b98-ae4f-7d34a34809c1","dbeb5c67-af7f-4d72-892f-18430178219d","5b4c2783-8afa-420e-b3a5-f761b472a503","","true","Manual regrade via exam review interface - marking as correct","2025-10-08T18:33:49.414+00:00","2025-10-08T18:33:49.679385+00:00"
"6c81acb0-7c2c-451f-aa3f-9431e624f2f0","eae153f5-8083-400b-9930-a221a37b0413","dbeb5c67-af7f-4d72-892f-18430178219d","5b4c2783-8afa-420e-b3a5-f761b472a503","","true","Manual regrade via exam review interface - marking as correct","2025-10-08T18:33:54.523+00:00","2025-10-08T18:33:54.789184+00:00"
"598625cd-63bb-4268-95ed-e5d2b39ef5e1","e05db9e0-ef5a-4a2b-ad91-c7b7ab22419d","dbeb5c67-af7f-4d72-892f-18430178219d","5b4c2783-8afa-420e-b3a5-f761b472a503","","true","Manual regrade via exam review interface - marking as correct","2025-10-08T18:34:01.107+00:00","2025-10-08T18:34:01.193831+00:00"
"07c97fd3-fc65-40b8-809b-ae37312d977b","bb650945-5526-4c21-94b3-4ddcdedb77e5","dbeb5c67-af7f-4d72-892f-18430178219d","5b4c2783-8afa-420e-b3a5-f761b472a503","","true","Manual regrade via exam review interface - marking as correct","2025-10-08T18:34:08.99+00:00","2025-10-08T18:34:09.233792+00:00"
"36ef5100-992a-4025-a332-752ec6f725a0","41c61395-8b06-4f9e-a6eb-72db7d3e9335","dbeb5c67-af7f-4d72-892f-18430178219d","5b4c2783-8afa-420e-b3a5-f761b472a503","","true","Manual regrade via exam review interface - marking as correct","2025-10-08T18:34:15.549+00:00","2025-10-08T18:34:15.812144+00:00"
"297190c4-b248-4587-a890-ae1686be6f3c","24ae6b27-a7bf-4147-b166-e6b78e57325a","dbeb5c67-af7f-4d72-892f-18430178219d","5b4c2783-8afa-420e-b3a5-f761b472a503","","true","Manual regrade via exam review interface - marking as correct","2025-10-08T18:34:20.054+00:00","2025-10-08T18:34:20.279527+00:00"
"7d71caca-22a2-44a7-a61b-da69ab98e085","60361278-dc03-4f84-9f28-568c742da7f1","dbeb5c67-af7f-4d72-892f-18430178219d","5b4c2783-8afa-420e-b3a5-f761b472a503","","true","Manual regrade via exam review interface - marking as correct","2025-10-08T18:34:26.586+00:00","2025-10-08T18:34:26.689851+00:00"
"929d322c-164c-4e2f-9f21-996c941050f7","a588ab80-7880-4c32-aa9b-610b6b0423f0","84e3bd07-b3e2-43fa-875c-c526b2a9dcad","5b4c2783-8afa-420e-b3a5-f761b472a503","","true","Manual regrade via exam review interface - marking as correct","2025-10-08T18:35:14.041+00:00","2025-10-08T18:35:14.126445+00:00"
"9485ecf1-1939-4688-b8c0-e70079d919dd","4a3708b1-34c5-4a61-8d44-b40dff1a154e","84e3bd07-b3e2-43fa-875c-c526b2a9dcad","5b4c2783-8afa-420e-b3a5-f761b472a503","","true","Manual regrade via exam review interface - marking as correct","2025-10-08T18:35:17.723+00:00","2025-10-08T18:35:17.791124+00:00"
"aed7e279-d526-4c4f-89d4-33096d5c40d8","1cd53bf5-01a4-4d46-9a10-8552f23a88c9","84e3bd07-b3e2-43fa-875c-c526b2a9dcad","5b4c2783-8afa-420e-b3a5-f761b472a503","","true","Manual regrade via exam review interface - marking as correct","2025-10-08T18:35:21.019+00:00","2025-10-08T18:35:21.081868+00:00"
"1555929e-293f-454c-8a1e-6a707126b2fa","e81948db-a560-4568-a1f5-e79929dd552e","84e3bd07-b3e2-43fa-875c-c526b2a9dcad","5b4c2783-8afa-420e-b3a5-f761b472a503","","true","Manual regrade via exam review interface - marking as correct","2025-10-08T18:35:24.697+00:00","2025-10-08T18:35:24.772465+00:00"
"c33985f6-1ea9-4869-a4d1-e1a1f39a9989","e0d2eb85-4905-4bbe-acef-4074b8f60631","84e3bd07-b3e2-43fa-875c-c526b2a9dcad","5b4c2783-8afa-420e-b3a5-f761b472a503","","true","Manual regrade via exam review interface - marking as correct","2025-10-08T18:35:27.911+00:00","2025-10-08T18:35:27.983465+00:00"
"7d7d18f4-1800-4e1e-b5f7-1dc275fb4745","7486a778-46f9-4a29-a1b8-e46c29996967","84e3bd07-b3e2-43fa-875c-c526b2a9dcad","5b4c2783-8afa-420e-b3a5-f761b472a503","","true","Manual regrade via exam review interface - marking as correct","2025-10-08T18:35:31.703+00:00","2025-10-08T18:35:31.766375+00:00"
"2fa8a0e5-2797-47eb-9786-4d8bc09ec9bd","4a84fc57-49bc-400d-9f75-0d2ac91f1148","84e3bd07-b3e2-43fa-875c-c526b2a9dcad","5b4c2783-8afa-420e-b3a5-f761b472a503","","true","Manual regrade via exam review interface - marking as correct","2025-10-08T18:35:35.354+00:00","2025-10-08T18:35:35.416442+00:00"
"9c7c034f-5f32-43ab-8da5-2437480af989","657494c9-10c6-4abe-9bad-7aafc3e546e3","84e3bd07-b3e2-43fa-875c-c526b2a9dcad","5b4c2783-8afa-420e-b3a5-f761b472a503","","true","Manual regrade via exam review interface - marking as correct","2025-10-08T18:35:46.342+00:00","2025-10-08T18:35:46.556408+00:00"
"371cfb10-07b9-428c-b6f4-c9ce32c8259a","52c6493d-21b3-478a-aa17-e7fa5b7e58b4","84e3bd07-b3e2-43fa-875c-c526b2a9dcad","5b4c2783-8afa-420e-b3a5-f761b472a503","","true","Manual regrade via exam review interface - marking as correct","2025-10-08T18:35:51.287+00:00","2025-10-08T18:35:51.369233+00:00"
"9b30931b-5483-4ea5-9312-6bca75af1369","dee20833-3808-492d-8692-be40209df721","84e3bd07-b3e2-43fa-875c-c526b2a9dcad","5b4c2783-8afa-420e-b3a5-f761b472a503","","true","Manual regrade via exam review interface - marking as correct","2025-10-08T18:35:55.743+00:00","2025-10-08T18:35:55.824899+00:00"
"b542d40b-0e3d-425b-81f2-f22b9614931a","b1bc7efd-1008-4af2-bbbf-35ae984ba277","84e3bd07-b3e2-43fa-875c-c526b2a9dcad","5b4c2783-8afa-420e-b3a5-f761b472a503","","true","Manual regrade via exam review interface - marking as correct","2025-10-08T18:36:10.949+00:00","2025-10-08T18:36:11.025785+00:00"
"55ad7cf5-b183-4840-beb2-8bf05f38a90c","33aed976-16de-4aeb-8540-22786a5b85d6","84e3bd07-b3e2-43fa-875c-c526b2a9dcad","5b4c2783-8afa-420e-b3a5-f761b472a503","","true","Manual regrade via exam review interface - marking as correct","2025-10-08T18:36:26.712+00:00","2025-10-08T18:36:26.957887+00:00"
"03413dea-ce46-49f8-af98-4086fb8ff186","daae403d-d3b4-454a-92a9-6217b119b24d","84e3bd07-b3e2-43fa-875c-c526b2a9dcad","5b4c2783-8afa-420e-b3a5-f761b472a503","","true","Manual regrade via exam review interface - marking as correct","2025-10-08T18:36:32.809+00:00","2025-10-08T18:36:32.886938+00:00"
"5712f0c8-6332-4340-a1fc-415382406592","db1a60c1-a982-49df-a662-951e9fd676f2","84e3bd07-b3e2-43fa-875c-c526b2a9dcad","5b4c2783-8afa-420e-b3a5-f761b472a503","","true","Manual regrade via exam review interface - marking as correct","2025-10-08T18:36:39.347+00:00","2025-10-08T18:36:39.607984+00:00"
"f55c723b-a7ec-4025-a54a-990ecd8d3f24","e22b2a40-1e66-47d6-8db5-316a897acc32","84e3bd07-b3e2-43fa-875c-c526b2a9dcad","5b4c2783-8afa-420e-b3a5-f761b472a503","","true","Manual regrade via exam review interface - marking as correct","2025-10-08T18:37:41.989+00:00","2025-10-08T18:37:42.080393+00:00"
"4f9e587c-549a-4be7-aba2-776d5bd75b12","27d1cf2b-7de9-4093-af29-b0ca2f4c6be0","84e3bd07-b3e2-43fa-875c-c526b2a9dcad","5b4c2783-8afa-420e-b3a5-f761b472a503","","true","Manual regrade via exam review interface - marking as correct","2025-10-08T18:37:48.8+00:00","2025-10-08T18:37:48.885378+00:00"
"4447d15e-f941-47e9-b948-3828d5d8fdd7","c1254254-e5e4-45f7-8c65-a73c4518bfb0","84e3bd07-b3e2-43fa-875c-c526b2a9dcad","5b4c2783-8afa-420e-b3a5-f761b472a503","","true","Manual regrade via exam review interface - marking as correct","2025-10-08T18:37:54.292+00:00","2025-10-08T18:37:54.371644+00:00"